Quem era o homem mais sedutor do mundo?;DOM JUAN;DOM ANTÔNIO;DOM MARCO;DOM CARLOS;1;F
De quantos anos é constituído um século?;50;100;1.000;1.500;2;F
Qual é o coletivo de cães?;MATILHA;REBANHO;CARDUME;MANADA;1;F
Segundo a Bíblia, em que rio Jesus foi batizado por João Batista?;NO RIO NILO;NO RIO SENA;NO RIO RENO;NO RIO JORDÃO;4;F
Qual é a maior floresta do planeta?;NEGRA;DE SHERWOOD;DA TIJUCA;AMAZÔNICA;4;F
Qual é o naipe do baralho que tem o desenho de coração?;OUROS;PAUS;COPAS;ESPADAS;3;F
Qual atriz estrelou no filme: “A lagoa azul”?;ALICIA SILVERSTONE;BROOKE SHIELDS;JULIA ROBERTS;JESSICA LANGE;2;F
Qual casal foi expulso do Paraíso?;SANSÃO E DALILA;JOSÉ E MARIA;SARA E ABRAÃO;ADÃO E EVA;4;F
Segundo os contos, qual animal ao ser beijado se transforma em príncipe?;CAVALO;CÃO;GATO;SAPO;4;F
Qual é o santo que só acreditou vendo?;SANTO ANTÔNIO;SÃO JUDAS TADEU;SÃO PEDRO;SÃO TOMÉ;4;F
Qual é o fruto conhecido no nordeste do Brasil como “jerimum”?;CAJU;ABÓBORA;CHUCHU;COCO;2;F
Em qual parte do corpo humano são implantadas as “pontes de safena”?;ESTÔMAGO;INTESTINO;PULMÃO;CORAÇÃO;4;F
Como é conhecido o jogador Edmundo?;TIGRÃO;GATINHO;ANIMAL;COBRA;3;F
Na literatura, quem foi o criador da boneca Emília?;MONTEIRO LOBATO;MAURÍCIO DE SOUZA;WALT DISNEY;JORGE AMADO;1;F
Quem é o primeiro substituto do Presidente?;VEREADOR;VICE-PRESIDENTE;SENADOR;DEPUTADO;2;F
Segundo o romance, que animal era “Moby Dick”?;TUBARÃO;GOLFINHO;POLVO;BALEIA;4;F
Qual é o animal que representa o signo de áries?;TOURO;LEÃO;CARNEIRO;BODE;3;F
Que animal é o Pateta?;CAVALO;BURRO;CACHORRO;RAPOSA;3;F
Em qual cidade está o Cristo Redentor do Corcovado?;RIO DE JANEIRO;SÃO PAULO;CURITIBA;BELO HORIZONTE;1;F
Quem é conhecido como o “playboy brasileiro”?;JOÃOZINHO TRINTA;ZECA PAGODINHO;CHIQUINHO SCARPA;CHICO BUARQUE;3;F
Quantos centímetros equivalem a um metro?;10;100;1000;10000;2;F
Qual é o nome do macho da abelha?;ZÂNGÃO;ABELHÃO;RUFIÃO;PULGÃO;1;F
Qual é o inseto que transmite a doença de Chagas?;ABELHA;BARATA;BARBEIRO;PULGA;3;F
Qual é o nome do conjunto de dados estatísticos sobre uma população?;CENSO;CONTAGEM;MARCAÇÃO;REGISTRO;1;F
Qual ator imortalizou o personagem “Zé Bonitinho”?;RONI CÓCEGAS;JORGE LOREDO;DAVI PINHEIRO;ARNAUD RODRIGUES;2;F
Qual a cantora conhecida como “A rainha dos caminhoneiros”?;ROBERTA MIRANDA;MARIA BETHÂNIA;SULA MIRANDA;RITA CADILLAC;3;F
Qual é o nome da missa rezada no Natal?;CAMPAL;DO GALO;DO VATICANO;DE SÉTIMO DIA;2;F
Qual é a orixá conhecida como “A rainha do mar”?;MAMÃE;OXUM;IEMANJÁ;AXÉ;2;F
No julgamento de Jesus, quem disse a frase: “Eu lavo minhas mãos”?;BARRABÁS;TIBÉRIO;PÔNCIO PILATOS;JUDAS;3;F
O que está no centro da Terra?;MANTO;NÚCLEO;HIDROSFERA;LITOSFERA;2;F
Qual é o esporte praticado por Fernando Scherer, o Xuxa?;CICLISMO;VÔLEI DE PRAIA;NATAÇÃO;SURF;3;F
Quem libertou os escravos em 1888?;JOANA D’ARC;ANITA GARIBALDI;PRINCESA ISABEL;IMPERATRIZ LEOPOLDINA;3;F
Quem fez sucesso com a personagem “Tiazinha”?;SUZANA WERNER;JOANA PRADO;LETÍCIA SPILLER;SUZANA ALVES;4;F
Quantos eram os anões da história “A branca de neve”?;SEIS;SETE;OITO;NOVE;2;F
Como eram chamados os navios que traziam os escravos para o Brasil?;BRANQUEIROS;PESQUEIROS;NEGREIROS;COSTEIROS;3;F
De qual grupo de samba fez parte o humorista “Mussum”?;FUNDO DE QUINTAL;TITULARES DO RITMO;ORIGINAIS DO SAMBA;BANDA BRASIL;3;F
Como se chama o lugar onde ficam as mulheres do sultão?;HARÉM;LABIRINTO;COLISEU;CHOUPANA;1;F
Quantas cores compõem o arco-íris?;3;7;12;22;2;F
Qual é o nome da mulher de Fred Flintstone?;BETH;WILMA;MARGARIDA;CLARABELA;2;F
Por quem foi dita a frase: “Abra-te Sézamo”?;D. PEDRO I;HÉRCULES;ALI BABÁ;DUNGA;3;F
Em qual cidade está localizada a famosa estátua da Liberdade?;LONDRES;NOVA YORK;PARIS;MADRI;2;F
Qual destes personagens não veste uma capa?;SUPER-HOMEM;BATMAN;WOLVERINE;ZORRO;3;F
Quem é considerado o rei do mundo animal?;ELEFANTE;GORILA;LEÃO;RINOCERONTE;3;F
Qual é o livro mais impresso no mundo?;JUBIABÁ;BÍBLIA;GABRIELA, CRAVO E CANELA;TERRAS DO SEM FIM;2;F
Qual é o nome do osso da coxa do ser humano?;FÊMUR;TÍBIA;PERÔNIO;ÚMERO;1;F
Como se chama o espaço de tempo entre o nascer e o pôrdo-sol?;MADRUGADA;DIA;NOITE;SEMANA;2;F
Os nomes Batman e Rainman referem-se a quê?;ARTISTAS DE TEATRO;FILMES DE CINEMA;CONJUNTOS DE ROCK;MARCAS DE CIGARRO;2;F
De acordo com o ditado, o que “não adianta chorar”?;FOLHAS CAÍDAS;LEITE DERRAMADO;DOCE QUEIMADO;PÃO VELHO;2;F
Em qual destas atividades a corda tem um papel vital?;SURFE;CICLISMO;TOURADA;PÁRA-QUEDISMO;4;F
Como se chama o boneco controlado por cordas?;ROBÔ;MARIONETE;ANDRÓIDE;MANEQUIM;2;F
Como são chamados os pedaços de gelo que caem durante a chuva?;GRANITO;GRANIZO;PICOLÉ;NEVE;2;F
Qual Deus é descrito como uma criança gorducha com arco e flecha?;CUPIDO;ZEUS;MERCÚRIO;NETUNO;1;F
No desenho “Papa-léguas” qual é o som feito pela ave corredora?;PING! PING!;UGA! UGA!;BIP! BIP!;VRUM! VRUM!;3;F
Qual destes alimentos devemos consumir em menor quantidade?;VEGETAIS;GORDURAS;LEGUMES;FRUTAS;2;F
O que Cinderela perdeu ao sair do baile do palácio real?;BOLSA;LUVA;CARTEIRA DE MOTORISTA;SAPATO DE CRISTAL;4;F
Como se chama a luz que guia os navios em áreas de risco?;VELA;FAROL;FOGUEIRA;LAMPARINA;2;F
Em qual jogo o ganhador grita o nome do jogo em sinal de vitória?;ESCONDE-ESCONDE;BINGO;BANCO IMOBILIÁRIO;XADREZ;2;F
Um analgésico é um agente para:;TRATAMENTO DO INTESTINO;ALÍVIO DE ESTRESSE;ALÍVIO DA DOR;TRATAMENTO DA CASPA;3;F
Qual é a cidade do Batman?;GOTHAM CITY;METRÓPOLIS;PLEASANTVILLE;ANYTOWN;1;F
De que é feito o pé-de-moleque?;AMENDOIM;CASTANHA;ALCAPARRA;ABACATE;1;F
O que Rapunzel jogava pela janela?;PERNA;BRAÇO;FAMÍLIA;TRANÇA;4;F
O que se joga na neve para ajudar a derretê-la?;AÇÚCAR;ORÉGANO;SAL;PIMENTA;3;F
Qual desses heróis de ficção usa uma máscara?;ROBIN HOOD;SIMBAD;INDIANA JONES;ZORRO;4;F
Quantos anos tem um milênio?;100;500;1.000;10.000;3;F
Quanto tempo a Terra leva para completar uma órbita ao redor do sol?;UM ANO;UM MÊS;UMA SEMANA;UM SÉCULO;1;F
Onde a mamãe canguru carrega o filhote?;NA ORELHA;NAS COSTAS;NA BOCA;NA BOLSA;4;F
Como é o nome da cabeleira que envolve a cabeça do leão?;TOPETE;CACHO;JUBA;PERUCA;3;F
“Um por todos e todos por um” é o grito de qual destes grupos?;EXTRATERRESTRES;FAMÍLIA ROBINSON;POWER RANGERS;TRÊS MOSQUETEIROS;4;F
O que é a morsa?;UM RÉPTIL;UM MAMÍFERO;UM PEIXE;UM CRUSTÁCEO;2;F
Qual personagem de desenho animado é rico e pão-duro?;TIO PATINHAS;PATETA;MICKEY;PATO DONALD;1;F
O que é um croissant?;LICOR;DOCE;TEMPERO;PÃO;4;F
Qual exame é usado para comprovar a paternidade?;DE SANGUE;DE DNA;DE URINA;DE CONSCIÊNCIA;2;F
Tarsila do Amaral era uma:;DANÇARINA;ATRIZ;MÉDICA;PINTORA;4;F
Os bairros mais afastados do centro da cidade chamam-se:;RESIDENCIAIS;COMERCIAIS;SUBURBANOS;INDUSTRIAIS;3;F
Qual destas palavras é sinônimo de equívoco?;ACERTO;EQUITAÇÃO;ENGANO;CAVALO;3;F
Qual destes itens não é encontrado em uma bicicleta comum?;AIR BAG;GUIDÃO;SELIM;CORRENTE;1;F
Que nome se dá a cada parte do esqueleto?;CAVEIRA;OSSO;ARCADA;BACIA;2;F
Nas religiões afro-brasileiras, quem é o Deus da Guerra?;TUPÃ;OGUM;SENHOR DO BONFIM;ZEUS;2;F
Com o que era acionado o motor dos antigos automóveis?;CHAVE DE FENDA;BARBANTE;PARAFUSO;MANIVELA;4;F
Qual presidente brasileiro renunciou em 1992?;ITAMAR FRANCO;FERNANDO COLLOR;JOSÉ SARNEY;FIGUEIREDO;2;F
O que é uma sucuri? ;COBRA;REFRIGERANTE;TIPO DE LARANJA;VASO INDÍGENA;1;F
Qual destes é um personagem de Monteiro Lobato?;MÔNICA;MAGALI;NARIZINHO;MULHER MARAVILHA;3;F
Qual é o material usado para fazer a borracha?;DUREX;LÁTEX;PIREX;XÉROX;2;F
Quantos atletas participam, por equipe, da prova 4 por 100?;CEM;DEZ;OITO;QUATRO;4;F
Para que serve um dedal?;ARRUMAR AGULHAS;CORTAR LINHAS;PROTEGER O DEDO;CURAR FERIDAS;3;F
O que se encontra no final do arco-íris?;SACO DE DIAMANTES;POTE DE OURO;BARRA DE PRATA;ESMERALDAS;2;F
Em qual destes lugares pode-se encontrar um oásis?;NO ROCHEDO;NA FLORESTA TROPICAL;NO DESERTO;NA SAVANA;3;F
Qual destas frutas é associada ao Natal?;NOZ;BANANA;TANGERINA;JABUTICABA;1;F
De que cor fica a lagosta quando adequadamente cozida?;PRETA;VERMELHA;VERDE;AMARELA;2;F
Qual destas músicas foi composta por Adoniran Barbosa?;TREM DAS ONZE;MÁSCARA NEGRA;CHIQUITA BACANA;JARDINEIRA;1;F
O que é labrador?;RAÇA DE GATO;RAÇA DE GADO;RAÇA DE CACHORRO;RAÇA DE CAVALO;3;F
Um cleptomaníaco tem como principal característica:;MEDO DE ESCURO;MANIA DE ROUBAR;MEDO DE ALTURA;MANIA DE PERSEGUIÇÃO;2;F
Como se chama a avenida do sambódromo do Rio de Janeiro?;MARQUÊS DE JACAREÍ;MARQUÊS DE SAPUCAÍ;MARQUÊS DE SAMBEI E CAÍ;MARQUÊS DE SÃO VICENTE;2;F
Qual nome é dado à barriga da perna?;AGULHA;BÍCEPS;MÚSCULO;PANTURRILHA;4;F
Quem não tem domicílio fixo?;O NÔMADE;O VIAJOR;O VIAJANTE;O PASSEADOR;1;F
Quantos espaços tem no Jogo da Velha?;SEIS;SETE;OITO;NOVE;4;F
Como se chama a armação dos óculos?;RODA;EIXO;ARCO;ARO;4;F
A pessoa que planeja e cria jardins e parques chama-se:;FLORISTA;PAISAGISTA;FLORICULTOR;ARTISTA;2;F
Qual nome é dado à criança ainda não batizada?;PAGÃO;ANÃO;CHORÃO;CRISTÃO;1;F
Qual destes órgãos não faz parte do sistema digestivo?;BRÔNQUIOS;BOCA;FARINGE;INTESTINO;1;F
Qual é o único mamífero que pode voar?;PATO;MORCEGO;ANDORINHA;URUBU;2;M
A que classe de animais o pingüim pertence?;PEIXES;MAMÍFEROS;AVES;FELINOS;3;M
Como se chamava a atriz de cinema que se tornou princesa de Mônaco?;GRACE KELLY;GRETA GARBO;CATHERINE DENEUVE;BRIGITTE BARDOT;1;M
Como os cavalos dormem?;EM PÉ;DEITADOS;DE LADO;DE PONTA-CABEÇA;1;M
Qual a capital do Canadá?;MONTREAL;OTTAWA;VANCOUVER;WASHINGTON;2;M
Qual destes instrumentos musicais é de sopro?;VIOLINO;SAXOFONE;PIANO;VIOLÃO;2;M
Qual foi o último presidente militar do Brasil?;COSTA E SILVA;GEISEL;FIGUEIREDO;MÉDICI;3;M
Nos desenhos de Walt Disney, que animal é o Mickey?;COELHO;CAMUNDONGO;ESQUILO;GAMBÁ;2;M
Quem é o ator principal do filme “Conan, o Bárbaro”?;TOM CRUISE;LEONARDO DI CAPRIO;ARNOLD SCHWARZENEGGER;BRUCE LEE;3;M
Qual foi o filme brasileiro indicado para o Oscar em 1999?;O QUATRILHO;A VIDA É BELA;AUTO DA COMPADECIDA;CENTRAL DO BRASIL;4;M
O momento em que o sol fica situado exatamente sobre o Equador chama-se:;EQUINÓCIO;SOLSTÍCIO;SOLSTICIAL;SOLITUDE;1;M
Quem foi o provável assassino de John Kennedy?;ALEXANDER BURR;LEE HARVEY OSWALD;BILLY THE KID;ELIOTT NESS;2;M
Em que festa se comemora a Ressurreição de Cristo?;PÁSCOA;NATAL;ANO-NOVO;DOMINGO DE RAMOS;1;M
Como se chama o estado em que o paciente perde a consciência?;ALÉRGICO;LÚCIDO;FEBRIL;DE COMA;4;M
Quem supostamente teria cavalgado nua na cidade de Coventry?;LADY MACBETH;LADY DIANA;LADY GODIVA;LADY HAWK;3;M
Qual dançarino foi parceiro de Ginger Rogers no cinema?;MIKHAIL BARISHNIKOV;FRED ASTAIRE;FRANK SINATRA;GENE KELLY;2;M
Quem assumiu a Presidência da República com a morte de Tancredo Neves?;FERNANDO COLLOR;JOSÉ SARNEY;FERNANDO HENRIQUE CARDOSO;LULA;2;M
Tuiuiú é uma espécie de:;PÁSSARO;COMIDA;CARRO;ROUPA;1;M
Qual destes nomes pertenceu a um navio de Cristóvão Colombo?;EL SAVADOR;REDENTOR;SANTA MARIA;TITANIC;3;M
O sol pode ser classificado de:;METEORO;COMETA;ESTRELA;PLANETA;3;M
Qual desses episódios influenciou a Inconfidência Mineira?;PRIMEIRA GUERRA MUNDIAL;REVOLUÇÃO FRANCESA;REVOLUÇÃO RUSSA;SEGUNDA GUERRA MUNDIAL;2;M
Que produto teve grande influência sobre o desenvolvimento de São Paulo, no século XIX?;CAFÉ;CANA-DE-AÇÚCAR;OURO;PAU-BRASIL;1;M
Quem disse a frase “Eureca, eureca”?;ARISTÓTELES;GALILEU GALILEI;ALEXANDRE, O GRANDE;ARQUIMEDES;4;M
Quem inventou a máquina a vapor?;JAMES DEAN;JAMES WATT;JAMES TAYLOR;JAMES WOLFE;2;M
Essencialmente, qual é o clima predominante no Brasil?;ÁRIDO;SUBTROPICAL;TROPICAL;EQUATORIAL;3;M
Para que máquina Elicha Graves Otis inventou um sistema de segurança?;ÔNIBUS;TREM;ELEVADOR;TÁXI;3;M
Qual é o especialista que cuida dos pés?;CARDIOLOGISTA;PEDICURO;DENTISTA;PSICÓLOGO;2;M
O Estado da Bahia fica em que região do Brasil?;SUDESTE;NORTE;SUL;NORDESTE;4;M
Que projeto foi criado em 1967 para alfabetizar adultos e adolescentes brasileiros?;SOBRAL;MOBRAL;SUDENE;MISTRAL;2;M
Qual é o nome do clássico do cinema em que Humphrey Bogart e Ingrid Bergman atuaram?;CASABLANCA;ETERNO CONFLITO;CASANOVA;OS PÁSSAROS;1;M
Em que ano o Brasil sediou a Copa do Mundo de Futebol?;1930;1954;1950;1974;3;M
O brasileiro Oswaldo Cruz foi um?;MÉDICO;ADVOGADO;PADRE;LUTADOR;1;M
De qual país Juan Perón foi presidente?;BRASIL;PORTUGAL;INGLATERRA;ARGENTINA;4;M
Qual profissional cuida da saúde dos animais?;DENTISTA;VETERINÁRIO;PEDIATRA;ORTOPEDISTA;2;M
Literatura de cordel é um tipo de literatura:;CLÁSSICA;TÉCNICA;INFANTIL;POPULAR;4;M
Que bandeirante era conhecido como o “Caçador de Esmeraldas”?;RAPOSO TAVARES;FERNÃO DIAS PAIS;BARTOLOMEU BUENO DA SILVA;BORBA GATO;2;M
Sarah Ferguson foi casada com que príncipe?;ENCANTADO;ANDREW;ALBERT;CHARLES;2;M
A região situada entre o Equador e os Trópicos é chamada de:;TEMPERADA;TROPICAL;POLAR;FRIA;2;M
Lacustre é um transporte:;AÉREO;AQUÁTICO;TERRESTRE;FERROVIÁRIO;2;M
Qual destas línguas não é oficial na Suíça?;FRANCÊS;ALEMÃO;ESPANHOL;ITALIANO;3;M
O coração é:;UMA FIBRA;UMA MUCOSA;UMA VÍSCERA;UM MÚSCULO;4;M
Onde nasceu João Gilberto, compositor da Bossa Nova?;NO RIO DE JANEIRO;NA BAHIA;EM SÃO PAULO;NO PIAUÍ;2;M
Depois da Amazônica, qual é a maior bacia hidrográfica das Américas?;MACKENZIE;MISSISSÍPI;ORINOCO;PARANÁ;4;M
Que bebida traz uma larva dentro da garrafa?;VODCA;MEZCAL;RUM;SAQUÊ;2;M
Qual cobra é utilizada pelos encantadores de serpente na Índia?;CASCAVEL;NAJA;ANACONDA;CORAL;2;M
Em qual cidade estão localizadas as sedes da Coca-cola e do canal CNN?;LOS ANGELES;NOVA YORK;ATLANTA;BOSTON;3;M
Em que continente se encontra o Egito?;ASIÁTICO;AMERICANO;AFRICANO;EUROPEU;3;M
Segundo a lenda popular, qual santo mora na Lua?;SÃO SEBASTIÃO;SÃO PAULO;SÃO JORGE;SÃO JOSÉ;3;M
Rita Lee era integrante de qual grupo musical?;MUTANTES;A COR DO SOM;TROPICÁLIA;BOCA LIVRE;1;M
Quem foi o primeiro governador-geral do Brasil?;JOSÉ BONIFÁCIO;DUARTE DA COSTA;TOMÉ DE SOUZA;MEM DE SÁ;3;M
Qual o nome da residência oficial do Presidente da República?;PALÁCIO DO CATETE;CASA DA DINDA;PALÁCIO DA ALVORADA;PALÁCIO DO GOVERNO;3;M
Quem foi o famoso vocalista do grupo musical inglês “Queen”?;ELTON JOHN;JOHN LENNON;FREDDIE MERCURY;MICK JAGGER;3;M
A que santo se referia o filme “Irmão Sol, Irmã Lua”?;SÃO CRISTÓVÃO;SÃO FRANCISCO DE ASSIS;SANTO AGOSTINHO;SÃO PAULO;2;M
Que fase da lua vem após a minguante?;LUA CHEIA;LUA-DE-MEL;LUA NOVA;LUA CRESCENTE;3;M
Qual o nome da residência oficial do presidente dos EUA?;CASA ROSADA;CAPITÓLIO;PALÁCIO AMERICANO;CASA BRANCA;4;M
Cleópatra morreu de que forma?;DO CORAÇÃO;DE VELHICE;ASSASSINADA;MORDIDA POR UMA SERPENTE;4;M
Gameta é:;UMA COMPANHIA DE ÔNIBUS;UMA LETRA DO ALFABETO GREGO;UMA CÉLULA SEXUADA;UMA REDE DE PESCA;3;M
Em qual Estado se localiza Brasília?;MATO GROSSO;MATO GROSSO DO SUL;GOIÁS;AMAPÁ;3;M
Onde se passa o drama “Romeu e Julieta” de Shakespeare?;VENEZA;FLORENÇA;VERONA;NÁPOLES;3;M
O pombo:;PIA;GRASNA;ARRULHA;ASSOBIA;3;M
A cidade de Roquefort na França é famosa pela produção de:;VINHO;QUEIJO;PÃO;CHAMPANHE;2;M
Qual o primeiro nome do líder da Revolução de Canudos?;ANTÔNIO;PEDRO;JOÃO;RAFAEL;1;M
Qual a ciência que estuda a vida dos seres vivos?;ZOOLOGIA;BIOLOGIA;ONCOLOGIA;GEOLOGIA;2;M
Como é chamada a prática que cessa a vida de forma indolor?;SUICÍDIO;EUTANÁSIA;ACIDENTE;PARADA CARDÍACA;2;M
Qual doença é provocada pela alta quantidade de açúcar no sangue?;SARAMPO;DIABETES;CATAPORA;REUMATISMO;2;M
Nos pontos cardeais qual o significado da sigla “NE”?;NORDESTE;SUDESTE;NOROESTE;SUDOESTE;1;M
Potiguar é aquele que nasce:;NO PIAUÍ;NO ESPÍRITO SANTO;NO RIO GRANDE DO NORTE;NO TOCANTINS;3;M
O que é zarabatana?;COMIDA;ARMA INDÍGENA;BEBIDA;ANIMAL;2;M
Onde vivem os anfíbios?;NA TERRA;NA ÁGUA;NO MAR;NA ÁGUA E NA TERRA;4;M
Qual seleção ganhou a copa do mundo de futebol em 1998?;ITÁLIA;ARGENTINA;FRANÇA;INGLATERRA;3;M
Em que país nasceu Adolf Hitler?;ALEMANHA;ÁUSTRIA;HOLANDA;AUSTRÁLIA;2;M
Qual foi o primeiro ponto avistado no Brasil pela frota de Cabral?;MONTE DAS OLIVEIRAS;MORRO DA BAHIA;MONTE PASCOAL;MORRO DE SÃO PAULO;3;M
Como se chama o pigmento que dá cor à pele humana?;CORALINA;PIGMALINA;MELANINA;SUALINA;3;M
Qual país da Península Ibérica faz fronteira com Portugal?;FRANÇA;ITÁLIA;GRÉCIA;ESPANHA;4;M
Qual era a nacionalidade de Elvis Presley?;HAVAIANA;AMERICANA;INGLESA;CANADENSE;2;M
O general Franco foi um ditador de qual país?;FRANÇA;PARAGUAI;ESPANHA;CUBA;3;M
Claustrofobia é quando a pessoa teme:;ALTURA;LUGARES FECHADOS;ESCURO;BICHOS;2;M
Quem é o ator principal do filme “Exterminador do Futuro”?;SYLVESTER STALLONE;KEVIN COSTNER;ARNOLD SCHWARZENEGGER;JEAN CLAUDE VAN DAMME;3;M
Se alguém falar que quebrou o ilíaco, você entende que quebrou o quê?;UMA PORCELANA;UM OSSO;UMA ARMA;UMA MÁQUINA;2;M
Qual aparelho mede a chuva num determinado lugar?;BARÔMETRO;PLUVIÔMETRO;HIGRÔMETRO;TERMÔMETRO;2;M
Qual é o nome do orvalho congelado?;NEVE;GRANIZO;GEADA;NEBLINA;3;M
Qual é a moeda do Paraguai?;ESCUDO;PESO;DÓLAR PARAGUAIO;GUARANI;4;M
O que é aspartame?;ADOÇANTE ARTIFICIAL;PROGRAMA DE COMPUTADOR;UM JOGO;UM PRATO FRANCÊS;1;M
O carneiro é um:;SUÍNO;EQÜINO;OVINO;BOVINO;3;M
Até 1959 qual era a capital do Brasil?;RIO DE JANEIRO;SÃO PAULO;BRASÍLIA;CURITIBA;1;M
Quantos lados possui o decágono ?;SETE;DOZE;DEZ;NOVE;3;M
No radar foi usado o mesmo princípio de qual animal?;RATO;CORUJA;MORCEGO;GAMBÁ;3;M
Qual dessas doenças é sexualmente transmissível?;CEFALÉIA;SÍFILIS;GRIPE;SALMONELA;2;M
Como eram chamados os reis do antigo Egito?;GENERAIS;FARAÓS;XEQUES;PRESIDENTES;2;M
Qual lugar de Nova York é chamado centro financeiro da América?;BROADWAY;FIFTH AVENUE;WALL STREET;CENTRAL PARK;3;M
Onde se localiza o “labirinto” no corpo humano?;NO PEITO;NO OUVIDO;NA GARGANTA;NO PESCOÇO;2;M
Como ficou conhecido o escândalo que derrubou o presidente Nixon?;MONICAGATE;CONTRAGATE;WATERGATE;GOLDEN GATE;3;M
Como se chama o pano com o qual Jesus foi enterrado?;MANTO DE JESUS;SANTO SUDÁRIO;MANTA SAGRADA;PANO DE DEUS;2;M
Como se chama o canal que separa a França da Inglaterra?;CANAL DO PANAMÁ;CANAL DE SUEZ;CANAL DA MANCHA;CANAL DE KIEL;3;M
Quantas vezes Pelé foi campeão do mundo?;QUATRO;CINCO;SEIS;SETE;2;M
Como Margaret Thatcher era conhecida pela imprensa?;LADY DE AÇO;DAMA DE FERRO;MULHER DO SÉCULO;MARGARET, A GRANDE;2;M
Que parte do corpo a cobra usa para sentir cheiro?;CAUDA;LÍNGUA;DENTES;NARINA;2;M
Quem foi Mata Hari?;ESCRITORA;ESPIÃ;CIENTISTA;POLÍTICA;2;M
Qual destes políticos nunca foi presidente?;CASTELLO BRANCO;JOÃO FIGUEIREDO;JOSÉ SARNEY;ORESTES QUÉRCIA;4;M
A perda progressiva de cabelos no ser humano é chamada de?;CALIOPENIA;CALVÍCIE;CATÁSTROFE;CALAMIDADE;2;M
Qual a nacionalidade do escritor Gabriel García Márquez?;ARGENTINA;COLOMBIANA;ESPANHOLA;CHILENA;2;D
Quem compôs “As bachianas brasileiras”?;WAGNER TISO;CARLOS GOMES;CÉSAR CAMARGO;MARIANO VILLA-LOBOS;4;D
Suçuarana é outro nome de que animal?;LONTRA;GIRAFA;ONÇA-PARDA;ZEBRA;3;D
Em que é baseado o calendário judaico?;NA LUA;NO SOL;NAS ESTRELAS;NOS PLANETAS;1;D
Que nome damos à ciência que estuda as rochas?;TECNONISMIA;PETROGRAFIA;MINERALISTA;ROCHÍSTICA;2;D
Quem disse a polêmica frase “Somos mais populares que Jesus Cristo”?;MARTIN LUTHER KING;MADONNA;JOHN LENNON;ELVIS PRESLEY;3;D
Que peça da Broadway é baseada na ópera “La boheme” de Puccini?;RENT;SHOWBOAT;LES MISERABLES;CATS;1;D
Quem popularizou a escultura com partes móveis, conhecida como Móbile?;PABLO PICASSO;ALEXANDER CALDER;AUGUSTE RODIN;HENRY MOORE;2;D
Qual destes nomes não pertence a um bailarino?;IGOR STRAVINSKY;VASLAV NIJINSKY;RUDOLF NUREYEV;MIKHAIL BARISHNIKOV;1;D
Quem desenvolveu a primeira vacina contra a pólio?;ALBERT SABIN;NIELS BOHR;LOUIS PASTEUR;JONAS SALK;4;D
Qual foi o personagem de vampiro criado pela novelista Anne Rice?;NOSFERATU;DRÁCULA;LESTAT;VLAD;3;D
A filha caçula de qual campeão de boxe ganhou a 1ª luta em 1999?;MIKE TYSON;GEORGE FOREMAN;MUHAMED ALI;SUGAR RAY LEONARD;3;D
Andy Warhol causou polêmica ao pintar o que em suas telas?;CAIXAS DE FÓSFOROS;LATAS DE SOPA;MULHERES NUAS;TUBOS DE PASTA DENTAL;2;D
Qual campeão de pesos pesados aposentou-se invicto?;MUHAMED ALI;ROCKY MARCIANO;JOE LOUIS;JACK DEMPSEY;2;D
Quem inventou o relógio de pêndulo?;GERALDO MERCATOR;CLÁUDIO PTOLOMEU;GALILEU GALILEI;CHARLES DARWIN;3;D
O prêmio Nobel da Paz é anualmente entregue em que cidade?;COPENHAGUE;HELSINQUE;ESTOCOLMO;OSLO;4;D
Em que país nasceu o tenista Fernando Meligeni?;ARGENTINA;BRASIL;BOLÍVIA;URUGUAI;1;D
A famosa escultura “O beijo” é de autoria de:;DE CHIRICO;CAMILLE CLAUDEL;VICTOR BRECHERET;AUGUSTE RODIN;4;D
Como se chama o carbonato de cálcio do teto de uma caverna?;ESTAGMENTO;ESTALAGMITE;ESTIAGEM;ESTALACTITE;4;D
Quem escreveu “”Os miseráveis”?;EMILE ZOLA;VICTOR HUGO;FLAUBERT;BALZAC;2;D
O condimento aromático cravo-da-índia é:;UMA RAÍZ;UMA ERVA CAMPESTRE;O BOTÃO DE UMA FLOR;UMA NOZ;3;D
Quem tem uma empresa de alimentos e doou mais de US$ 90 milhões em caridade?;JACK NICHOLSON;ROBERT REDFORD;BEN AFFLECK;PAUL NEWMAN;4;D
Como se chama a pessoa versada em literatura grega?;GREGÁRIO;GREGÓRIO;HELENISTA;HELENO;3;D
Quantas cordas tem um violino comum?;TRÊS;QUATRO;CINCO;SEIS;2;D
Onde está situado o porto de Pearl Harbour?;ILHAS VIRGENS;HAVAÍ;ILHAS KURILES;ILHAS HÍBRIDAS;2;D
Em que atividade se destacou Albert Camus?;LITERATURA;PINTURA;ECONOMIA;MEDICINA;1;D
Que parte da matemática estuda especificamente os triângulos?;NUMEROLOGIA;TRIGONOMETRIA;ÁLGEBRA;SISTEMA BINÁRIO;2;D
Quem é o autor do conto clássico “Chapeuzinho Vermelho”, de 1697?;CHARLES PERRAULT;LEWIS CARROL;BERTOLT BRECHT;EDGAR ALLAN POE;1;D
Em que cidade nasceu Giorgio Armani?;MILÃO;FLORENÇA;VENEZA;PIACENZA;4;D
Em que ano morreu o cantor Raul Seixas?;1989;1990;1991;1992;1;D
O que significa a palavra ósculo?;VISTORIA;BEIJO;OSSO;EXAME;2;D
Em que cidade nasceu o presidente Arthur Bernardes?;RECIFE;FLORIANÓPOLIS;VIÇOSA;SOROCABA;3;D
O que é cassiterita?;UM TIPO DE QUEIJO;UMA DANÇA SUECA;UM MINERAL;UMA BEBIDA BASCA;3;D
Quem construiu a primeira ferrovia no Brasil?;BARÃO DE CAPANEMA;DOM PEDRO II;BARÃO DE MAUÁ;JOSÉ BONIFÁCIO;3;D
Qual teoria Nicolau Copérnico defendeu em 1542?;EXCÊNTRICA;HELIOCÊNTRICA;EGOCÊNTRICA;DA RELATIVIDADE;2;D
Em que estado norteamericano está a cidade de Houston?;CALIFÓRNIA;UTAH;TEXAS;NEVADA;3;D
Qual era o sobrenome de solteira de Lady Diana?;SPENCER;SMITH;TUDOR;FERGUSON;1;D
Que nome se dá à igreja presidida por um bispado?;CATEDRAL;PARÓQUIA;CAPELA;MONASTÉRIO;1;D
Quem compôs a ópera “A flauta mágica”?;WOLFGANG MOZART;GIACOMO PUCCINI;RICHARD WAGNER;GIUSEPPE VERDI;1;D
Em que país fica o Taj Mahal?;EGITO;CHINA;TURQUIA;ÍNDIA;4;D
A lua é:;UM ASTERÓIDE;UM PLANETA;UM SATÉLITE;UMA ESTRELA;3;D
Como se chamava a polícia secreta da URSS?;CIA;FBI;KGB;CPI;3;D
Qual era o destino do navio Titanic quando saiu da Inglaterra?;ESTADOS UNIDOS;CHINA;FRANÇA;CANADÁ;1;D
Qual dessas doenças é também chamada de varicela?;RUBÉOLA;SARAMPO;CATAPORA;CAXUMBA;3;D
Qual documento libertava os escravos antes da Lei Áurea?;CARTA DE RECLAMAÇÃO;CARTA DE ALFORRIA;CARTA DE HABILITAÇÃO;CARTA DA LIBERDADE;2;D
Qual dos seguintes personagens foi um orador grego?;DEMÓSTENES;DEOCLECIANO;DEMÉRITO;DEMONTRE;1;D
Qual a maior ilha fluviomarítima do mundo?;ILHA DE MARAJÓ;FERNANDO DE NORONHA;ILHA DO; EL;1;D
Quem foi o primeiro presidente a ser eleito por voto popular na Rússia?;BORIS YELTSIN;STALIN MIKHAIL;MIKHAIL GORBATCHEV;LENIN;1;D
Quem liderou a revolução contra a ditadura de Fulgencio Batista?;CHE GUEVARA;FIDEL CASTRO;JUAN PERÓN;AUGUSTO PINOCHET;2;D
Qual é o nome do sindicato que Lech Walesa fundou na Polônia em 1980?;TRABALHISTA;CONSERVADOR;COMUNISTA;SOLIDARIEDADE;4;D
Em que ano o muro de Berlim foi derrubado?;1975;1984;1990;1989;4;D
Até a chegada de Cortés na América, Montezuma II era o líder de qual povo?;MAIA;ASTECA;INCA;GUARANI;2;D
Quem é o famoso detetive personagem das obras de Agatha Christie?;HERCULANO;SAM WOOD;SHERLOCK HOLMES;HERCULE POIROT;4;D
Quem era o deus supremo da mitologia grega?;HERMES;ZEUS;APOLO;NETUNO;2;D
Qual era o deus romano da guerra?;MARTE;JÚPITER;HADES;NETUNO;1;D
Qual é o nome de Vênus pela mitologia grega?;ÁRTEMIS;DIANA;AFRODITE;ÍSIS;3;D
Qual é a característica reprodutiva das mulas?;UMA CRIA POR ANO;DUAS CRIAS POR ANO;UMA CRIA A CADA DOIS ANOS;SÃO ESTÉREIS;4;D
Qual é a profissão do exjogador da seleção brasileira Tostão?;ARQUITETO;ENGENHEIRO;DENTISTA;MÉDICO;4;D
Em que assunto um enólogo é especialista?;MOEDAS;VINHOS;LIVROS;ÍNDIOS;2;D
A coroa usada como prêmio pelos atletas greco-romanos era feita com folhas de qual planta?;JACARANDÁ;PARREIRA;LOURO;ÉBANO;3;D
Qual mineral é a principal fonte do alumínio?;BAUXITA;CALCÁRIO;CALCITA;CASSITERITA;1;D
Como representamos o número 500 em algarismos romanos?;C;M;D;L;3;D
Que objeto é o Santo Graal?;CÁLICE;TECIDO;LIVRO;TÁBUA;1;D
Qüingentésimo corresponde a qual número?;500;5.000;50;5;1;D
Onde nasceu o artista plástico Cândido Portinari?;BRASIL;ITÁLIA;GRÉCIA;ESPANHA;1;D
Como se chama o estudo das mudanças das significações das palavras?;FONÉTICA;SEMÂNTICA;FILOSOFIA;PSIQUIATRIA;2;D
O estudo das relações dos seres vivos e o meio ambiente em que vivem chama-se:;PALEONTOLOGIA;ENDOSCOPIA;ORTODONTIA;ECOLOGIA;4;D
Qual é a ciência que estuda a origem e a derivação das palavras?;ENDOSCOPIA;GRAFOLOGIA;RADIOGRAFIA;ETIMOLOGIA;4;D
Qual é o objeto de estudo da entomologia?;INSETOS;AVES;DENTES;SÍMBOLOS;1;D
Que vitamina também pode ser chamada de retinol?;A;B;C;E;1;D
Kampala é a capital de qual país?;UGANDA;NIGÉRIA;MOÇAMBIQUE;RUANDA;1;D
Que pintor brasileiro retratava os problemas sociais do Brasil?;DI CAVALCANTI;CÂNDIDO PORTINARI;VOLPI;TARSILA DO AMARAL;2;D
Qual é o nome da esposa do escritor Jorge Amado?;ZÉLIA CARDOSO DE MELO;ZÉLIA GATTAI;ZÉLIA RIBEIRO;ZÉLIA DE ALMEIDA;2;D
Que país sul-americano foi chamado de Província Cisplatina?;CHILE;COLÔMBIA;URUGUAI;EQUADOR;3;D
De que país a Indonésia se tornou independente em 1949?;AUSTRÁLIA;PAÍSES BAIXOS;ÍNDIA;ÁFRICA DO SUL;2;D
Onde nasceu a grande cantora de ópera Maria Callas?;ROMA;NOVA YORK;PARIS;ATENAS;2;D
Entre quais países está localizado o Estreito de Gibraltar?;NORUEGA E DINAMARCA;ESPANHA E MARROCOS;PORTUGAL E ESPANHA;SUÍÇA E SUÉCIA;2;D
Quantos pares de cromossomos possui o ser humano sadio?;22;23;24;25;2;D
Qual das seguintes palavras não é um sinônimo de “mermar”?;DEBILITAR;DIMINUIR;MINGUAR;AUMENTAR;4;D
Quem deu origem à moderna lingüística?;HORASE DE SAUSSURE;BENOITE SAUSSURE;NICOLAS SAUSSURE;FERDINAND DE SAUSSURE;4;D
Em que ano os muçulmanos invadiram a Península Ibérica?;620;750;711;1080;3;D
O que é “notocórdio”?;ESTRUTURA CELULAR;BICO DAS AVES;EMBARCAÇÃO;MÁRTIR;1;D
Como se chamava o antigo senado romano?;CÚRIA;CENURO;DISTRITO;DIOCESE;1;D
Qual era a nacionalidade do palhaço Charlie Rivel?;INGLESA;AMERICANA;FRANCESA;ESPANHOLA;4;D
A medida da latitude varia de:;0º A 180º;90º A 180º;0º A 90º;180º A 360º;3;D
Em qual região estão 90% de todo o gelo da terra?;ÁRTICA;ANTÁRTICA;TROPICAL;TEMPERADA;2;D
Qual ave põe ovos azuis?;EMU;GARÇA-CINZENTA;SABIÁ;AVESTRUZ;2;D
Qual é o sobrenome dos irmãos que inventaram o cinema?;LUMIÈRE;MARX;WARNER;GOLDWIN;1;D
O termo Impressionismo nasceu de uma tela de:;EDOUARD MANET;AUGUST RENOIR;CLAUDE MONET;PAUL CÉZANNE;3;D
Quem na mitologia grega roubou o fogo do Olimpo?;HÉRCULES;SÍSIFO;PROMETEU;APOLO;3;D
Que instrumento é usado para medir a pressão dos gases?;MANÔMETRO;TERMÔMETRO;BARÔMETRO;BAFÔMETRO;1;D
Onde fica a cidade de Palo Alto?;NOS ESTADOS UNIDOS;NA ARGENTINA;NO MÉXICO;NA ESPANHA;1;D
Como se chama um recife de coral que forma uma laguna?;ARQUIPÉLAGO;MAR;PEQUENO LAGO;ATOL;4;D
Aconcágua é:;UMA PEDRA;UM VULCÃO EXTINTO;UM LAGO;UM CANAL;2;D
Qual compositor teve o corpo enterrado na França e o coração na Polônia?;SCHUMAN;CHOPIN;GRIEG;SCARLATTI;2;D
Qual a vibração sonora de freqüência superior a 20.000 ciclos/seg?;ULTRA-SOM;ALTO-SOM;HIPER-SOM;MACRO-SOM;1;D
Uma mulher ultriz é o quê?;SÁBIA;VINGADORA;AMANTE;ADÚLTERA;2;D
Que arquiteto desenhou a pirâmide de vidro do jardim do Louvre?;PHILIP JOHNSON;LE CORBUSIER;FRANK GEHRY;I.M. PEI;4;D
Qual foi a capital do Japão antes de Tóquio?;QUIOTO;FUKUOKA;OSAKA;SENDAI;1;D
Incluindo os tentáculos, quantos “braços” uma lula tem normalmente?;DEZ;OITO;DOZE;SEIS;1;D